NRC,Clave,Materia,Secc,Dias,Hora,Profesor,Salón,Hora_ini,Hora_fin
40483,IDDS 001,Administracion de Proyectos,361,A,0900-1059,SILVA - AMBRIZ LINDA LAURA,1FIQ1/306,9:00:00,10:59:00
40483,IDDS 001,Administracion de Proyectos,361,V,0900-1059,SILVA - AMBRIZ LINDA LAURA,1FIQ1/306,9:00:00,10:59:00
40483,IDDS 001,Administracion de Proyectos,361,L,0900-1159,SILVA - AMBRIZ LINDA LAURA,1FIQ1/306,9:00:00,11:59:00
40483,IDDS 001,Administracion de Proyectos,361,M,0900-1159,SILVA - AMBRIZ LINDA LAURA,1FIQ1/306,9:00:00,11:59:00
40483,IDDS 001,Administracion de Proyectos,361,J,0900-1159,SILVA - AMBRIZ LINDA LAURA,1FIQ1/306,9:00:00,11:59:00
40491,IDDS 001,Administracion de Proyectos,362,A,1200-1359,GUTIERREZ - ORTIZ ITA-YETZY,1FIQ1/306,12:00:00,13:59:00
40491,IDDS 001,Administracion de Proyectos,362,J,1200-1359,GUTIERREZ - ORTIZ ITA-YETZY,1FIQ1/306,12:00:00,13:59:00
40491,IDDS 001,Administracion de Proyectos,362,L,1200-1459,GUTIERREZ - ORTIZ ITA-YETZY,1FIQ1/306,12:00:00,14:59:00
40491,IDDS 001,Administracion de Proyectos,362,M,1200-1459,GUTIERREZ - ORTIZ ITA-YETZY,1FIQ1/306,12:00:00,14:59:00
40491,IDDS 001,Administracion de Proyectos,362,V,1200-1459,GUTIERREZ - ORTIZ ITA-YETZY,1FIQ1/306,12:00:00,14:59:00
40984,INQS 023,Analisis Instrumental,OO1,L,0900-1259,AGUILA - ALMANZA EVA,1FIQ5/302,9:00:00,12:59:00
40984,INQS 023,Analisis Instrumental,OO1,A,0900-1159,AGUILA - ALMANZA EVA,1FIQ4/301,9:00:00,11:59:00
40984,INQS 023,Analisis Instrumental,OO1,V,0900-1159,AGUILA - ALMANZA EVA,1FIQ4/301,9:00:00,11:59:00
40984,INQS 023,Analisis Instrumental,OO1,M,0900-1159,AGUILA - ALMANZA EVA,1FIQ1/204,9:00:00,11:59:00
40984,INQS 023,Analisis Instrumental,OO1,J,0900-1159,AGUILA - ALMANZA EVA,1FIQ1/204,9:00:00,11:59:00
40625,INQS 019,Analisis Numerico y Programaci,OO1,V,0900-1259,ISLAS - MORALES JOSE MANUEL,1FIQ1/205,9:00:00,12:59:00
40625,INQS 019,Analisis Numerico y Programaci,OO1,L,0900-1159,ISLAS - MORALES JOSE MANUEL,1FIQ1/205,9:00:00,11:59:00
40625,INQS 019,Analisis Numerico y Programaci,OO1,A,0900-1159,ISLAS - MORALES JOSE MANUEL,1FIQ1/205,9:00:00,11:59:00
40625,INQS 019,Analisis Numerico y Programaci,OO1,M,0900-1159,ISLAS - MORALES JOSE MANUEL,1FIQ4/202,9:00:00,11:59:00
40625,INQS 019,Analisis Numerico y Programaci,OO1,J,0900-1159,ISLAS - MORALES JOSE MANUEL,1FIQ4/202,9:00:00,11:59:00
44864,INQS 017,Balance de Materia y Energia,OO1,L,1100-1359,CABRERA - PELAEZ JOSE MANUEL,12EMA6/205,11:00:00,13:59:00
44864,INQS 017,Balance de Materia y Energia,OO1,J,1100-1259,CABRERA - PELAEZ JOSE MANUEL,12EMA7/106,11:00:00,12:59:00
44864,INQS 017,Balance de Materia y Energia,OO1,V,1100-1259,CABRERA - PELAEZ JOSE MANUEL,12EMA7/106,11:00:00,12:59:00
44864,INQS 017,Balance de Materia y Energia,OO1,A,1100-1359,CABRERA - PELAEZ JOSE MANUEL,12EMA2/203A,11:00:00,13:59:00
44864,INQS 017,Balance de Materia y Energia,OO1,M,1100-1359,CABRERA - PELAEZ JOSE MANUEL,12EMA2/203A,11:00:00,13:59:00
40620,INQS 009,Calculo III,OO1,A,1400-1559,TEPALE - OCHOA NANCY,1FIQ7/206,14:00:00,15:59:00
40620,INQS 009,Calculo III,OO1,J,1400-1559,TEPALE - OCHOA NANCY,1FIQ7/206,14:00:00,15:59:00
40620,INQS 009,Calculo III,OO1,L,1400-1659,TEPALE - OCHOA NANCY,1FIQ7/206,14:00:00,16:59:00
40620,INQS 009,Calculo III,OO1,M,1400-1659,TEPALE - OCHOA NANCY,1FIQ7/206,14:00:00,16:59:00
40620,INQS 009,Calculo III,OO1,V,1400-1659,TEPALE - OCHOA NANCY,1FIQ7/206,14:00:00,16:59:00
41000,INQS 028,Dibujo Tecnico,OO1,V,1500-1559,FLORES - OLMOS LUIS MISAEL,1FIQ4/201,15:00:00,15:59:00
41000,INQS 028,Dibujo Tecnico,OO1,L,1500-1659,FLORES - OLMOS LUIS MISAEL,1FIQ4/201,15:00:00,16:59:00
41000,INQS 028,Dibujo Tecnico,OO1,A,1500-1659,FLORES - OLMOS LUIS MISAEL,1FIQ4/201,15:00:00,16:59:00
41000,INQS 028,Dibujo Tecnico,OO1,M,1500-1659,FLORES - OLMOS LUIS MISAEL,1FIQ4/201,15:00:00,16:59:00
41000,INQS 028,Dibujo Tecnico,OO1,J,1500-1659,FLORES - OLMOS LUIS MISAEL,1FIQ4/201,15:00:00,16:59:00
40623,INQS 018,Diseno Expe. y Analisis Datos,OO1,M,1200-1359,RIVERA - MARQUEZ JOSE ANTONIO,1FIQ4/201,12:00:00,13:59:00
40623,INQS 018,Diseno Expe. y Analisis Datos,OO1,J,1200-1359,RIVERA - MARQUEZ JOSE ANTONIO,1FIQ4/201,12:00:00,13:59:00
40623,INQS 018,Diseno Expe. y Analisis Datos,OO1,L,1200-1459,RIVERA - MARQUEZ JOSE ANTONIO,1FIQ1/103,12:00:00,14:59:00
40623,INQS 018,Diseno Expe. y Analisis Datos,OO1,A,1200-1459,RIVERA - MARQUEZ JOSE ANTONIO,1FIQ1/103,12:00:00,14:59:00
40623,INQS 018,Diseno Expe. y Analisis Datos,OO1,V,1200-1459,RIVERA - MARQUEZ JOSE ANTONIO,1FIQ1/103,12:00:00,14:59:00
40655,INQS 018,Diseno Expe. y Analisis Datos,OO2,L,1100-1259,PALACIOS - ARIAS JOSE LUCIO,1FIQ4/202,11:00:00,12:59:00
40655,INQS 018,Diseno Expe. y Analisis Datos,OO2,A,1100-1259,PALACIOS - ARIAS JOSE LUCIO,1FIQ4/202,11:00:00,12:59:00
40655,INQS 018,Diseno Expe. y Analisis Datos,OO2,M,1000-1259,PALACIOS - ARIAS JOSE LUCIO,1FIQ1/102,10:00:00,12:59:00
40655,INQS 018,Diseno Expe. y Analisis Datos,OO2,J,1000-1259,PALACIOS - ARIAS JOSE LUCIO,1FIQ1/102,10:00:00,12:59:00
40655,INQS 018,Diseno Expe. y Analisis Datos,OO2,V,1000-1259,PALACIOS - ARIAS JOSE LUCIO,1FIQ1/102,10:00:00,12:59:00
40622,INQS 016,Ecuaciones Diferenciales,OO1,J,1500-1659,ALVARADO - FLORES MIGUEL,1FIQ1/203,15:00:00,16:59:00
40622,INQS 016,Ecuaciones Diferenciales,OO1,V,1500-1659,ALVARADO - FLORES MIGUEL,1FIQ1/203,15:00:00,16:59:00
40622,INQS 016,Ecuaciones Diferenciales,OO1,L,1500-1759,ALVARADO - FLORES MIGUEL,1FIQ1/203,15:00:00,17:59:00
40622,INQS 016,Ecuaciones Diferenciales,OO1,A,1500-1759,ALVARADO - FLORES MIGUEL,1FIQ1/203,15:00:00,17:59:00
40622,INQS 016,Ecuaciones Diferenciales,OO1,M,1500-1759,ALVARADO - FLORES MIGUEL,1FIQ1/203,15:00:00,17:59:00
41005,EMIQ 700,Emprendimiento,OO1,,-,GONZALEZ - LIMON MONTSERRAT,1FIQ1V/,#¡VALOR!,#¡VALOR!
40550,INQS 020,Fenomenos de Transporte I,OO1,A,1100-1259,AYALA - HERRERA EDGAR,1FIQ1/303,11:00:00,12:59:00
40550,INQS 020,Fenomenos de Transporte I,OO1,J,1100-1259,AYALA - HERRERA EDGAR,1FIQ1/303,11:00:00,12:59:00
40550,INQS 020,Fenomenos de Transporte I,OO1,L,1100-1359,AYALA - HERRERA EDGAR,1FIQ1/303,11:00:00,13:59:00
40550,INQS 020,Fenomenos de Transporte I,OO1,M,1100-1359,AYALA - HERRERA EDGAR,1FIQ1/303,11:00:00,13:59:00
40550,INQS 020,Fenomenos de Transporte I,OO1,V,1100-1359,AYALA - HERRERA EDGAR,1FIQ1/303,11:00:00,13:59:00
44862,INQS 011,Fisicoquimica II,OO1,J,0800-0959,REYES - AVENDANO JOSE ANDRES,12EM10/105,8:00:00,9:59:00
44862,INQS 011,Fisicoquimica II,OO1,V,0800-0959,REYES - AVENDANO JOSE ANDRES,12EM10/105,8:00:00,9:59:00
44862,INQS 011,Fisicoquimica II,OO1,L,0800-1059,REYES - AVENDANO JOSE ANDRES,12EMA5/303,8:00:00,10:59:00
44862,INQS 011,Fisicoquimica II,OO1,A,0800-1059,REYES - AVENDANO JOSE ANDRES,12EMA5/303,8:00:00,10:59:00
44862,INQS 011,Fisicoquimica II,OO1,M,0800-1059,REYES - AVENDANO JOSE ANDRES,12EMA5/303,8:00:00,10:59:00
40995,INQS 029,Fisicoquimica III,OO1,A,0700-0859,RIVERA - MORALES MARIA CATALINA,1FIQ6/106,7:00:00,8:59:00
40995,INQS 029,Fisicoquimica III,OO1,V,0700-0859,RIVERA - MORALES MARIA CATALINA,1FIQ6/106,7:00:00,8:59:00
40995,INQS 029,Fisicoquimica III,OO1,L,0700-0959,RIVERA - MORALES MARIA CATALINA,1FIQ1/206,7:00:00,9:59:00
40995,INQS 029,Fisicoquimica III,OO1,M,0700-0959,RIVERA - MORALES MARIA CATALINA,1FIQ1/206,7:00:00,9:59:00
40995,INQS 029,Fisicoquimica III,OO1,J,0700-0959,RIVERA - MORALES MARIA CATALINA,1FIQ1/206,7:00:00,9:59:00
40560,INQS 021,Flujo de Fluidos,OO1,L,1200-1359,ORTEGA - PEREZ JORGE,1FIQ1/302,12:00:00,13:59:00
40560,INQS 021,Flujo de Fluidos,OO1,M,1200-1359,ORTEGA - PEREZ JORGE,1FIQ1/302,12:00:00,13:59:00
40560,INQS 021,Flujo de Fluidos,OO1,A,1100-1359,ORTEGA - PEREZ JORGE,1FIQ1/302,11:00:00,13:59:00
40560,INQS 021,Flujo de Fluidos,OO1,J,1100-1359,ORTEGA - PEREZ JORGE,1FIQ1/302,11:00:00,13:59:00
40560,INQS 021,Flujo de Fluidos,OO1,V,1100-1359,ORTEGA - PEREZ JORGE,1FIQ1/302,11:00:00,13:59:00
40609,INQS 021,Flujo de Fluidos,OO2,J,0800-0959,LOPEZ - BADILLO MARIBEL,1FIQ1/305,8:00:00,9:59:00
40609,INQS 021,Flujo de Fluidos,OO2,V,0800-0959,LOPEZ - BADILLO MARIBEL,1FIQ1/305,8:00:00,9:59:00
40609,INQS 021,Flujo de Fluidos,OO2,L,0800-1059,LOPEZ - BADILLO MARIBEL,1FIQ1/305,8:00:00,10:59:00
40609,INQS 021,Flujo de Fluidos,OO2,A,0800-1059,LOPEZ - BADILLO MARIBEL,1FIQ1/305,8:00:00,10:59:00
40609,INQS 021,Flujo de Fluidos,OO2,M,0800-1059,LOPEZ - BADILLO MARIBEL,1FIQ1/305,8:00:00,10:59:00
40740,LIAS 259,Ingenieria Metalurgica,OO1,A,1000-1159,CORDOVA - PEREZ GERARDO ENRIQUE,1FIQ2/204,10:00:00,11:59:00
40740,LIAS 259,Ingenieria Metalurgica,OO1,J,1000-1159,CORDOVA - PEREZ GERARDO ENRIQUE,1FIQ2/204,10:00:00,11:59:00
40740,LIAS 259,Ingenieria Metalurgica,OO1,L,1000-1259,CORDOVA - PEREZ GERARDO ENRIQUE,1FIQ2/204,10:00:00,12:59:00
40740,LIAS 259,Ingenieria Metalurgica,OO1,M,1000-1259,CORDOVA - PEREZ GERARDO ENRIQUE,1FIQ2/204,10:00:00,12:59:00
40740,LIAS 259,Ingenieria Metalurgica,OO1,V,1000-1259,CORDOVA - PEREZ GERARDO ENRIQUE,1FIQ2/204,10:00:00,12:59:00
40741,ISML 200,Lab. de Materiales Ceramicos,OO1,V,1100-1159,OSNAYA - GAMBOA CAROLINA,1FIQ9/101,11:00:00,11:59:00
40741,ISML 200,Lab. de Materiales Ceramicos,OO1,L,1100-1259,OSNAYA - GAMBOA CAROLINA,1FIQ9/101,11:00:00,12:59:00
40741,ISML 200,Lab. de Materiales Ceramicos,OO1,A,1100-1259,OSNAYA - GAMBOA CAROLINA,1FIQ9/101,11:00:00,12:59:00
40741,ISML 200,Lab. de Materiales Ceramicos,OO1,M,1100-1259,OSNAYA - GAMBOA CAROLINA,1FIQ9/101,11:00:00,12:59:00
40741,ISML 200,Lab. de Materiales Ceramicos,OO1,J,1100-1259,OSNAYA - GAMBOA CAROLINA,1FIQ9/101,11:00:00,12:59:00
40743,ISML 201,Lab. de Materiales Polimericos,OO1,V,0900-0959,HERNANDEZ - COCOLETZI HERIBERTO,1FIQ8/104,9:00:00,9:59:00
40743,ISML 201,Lab. de Materiales Polimericos,OO1,L,0900-1059,HERNANDEZ - COCOLETZI HERIBERTO,1FIQ8/104,9:00:00,10:59:00
40743,ISML 201,Lab. de Materiales Polimericos,OO1,A,0900-1059,HERNANDEZ - COCOLETZI HERIBERTO,1FIQ8/104,9:00:00,10:59:00
40743,ISML 201,Lab. de Materiales Polimericos,OO1,M,0900-1059,HERNANDEZ - COCOLETZI HERIBERTO,1FIQ8/104,9:00:00,10:59:00
40743,ISML 201,Lab. de Materiales Polimericos,OO1,J,0900-1059,HERNANDEZ - COCOLETZI HERIBERTO,1FIQ8/104,9:00:00,10:59:00
40569,INQS 022,Laboratorio de Ingenieria I,OO2,J,1100-1259,LOPEZ - BADILLO MARIBEL,1FIQ8/105,11:00:00,12:59:00
40569,INQS 022,Laboratorio de Ingenieria I,OO2,V,1100-1259,LOPEZ - BADILLO MARIBEL,1FIQ8/105,11:00:00,12:59:00
40569,INQS 022,Laboratorio de Ingenieria I,OO2,L,1100-1359,LOPEZ - BADILLO MARIBEL,1FIQ8/105,11:00:00,13:59:00
40569,INQS 022,Laboratorio de Ingenieria I,OO2,A,1100-1359,LOPEZ - BADILLO MARIBEL,1FIQ8/105,11:00:00,13:59:00
40569,INQS 022,Laboratorio de Ingenieria I,OO2,M,1100-1359,LOPEZ - BADILLO MARIBEL,1FIQ8/105,11:00:00,13:59:00
40744,ISML 202,Laboratorio de Metalurgia,OO1,V,1300-1359,OSNAYA - GAMBOA CAROLINA,1FIQ8/104,13:00:00,13:59:00
40744,ISML 202,Laboratorio de Metalurgia,OO1,L,1300-1459,OSNAYA - GAMBOA CAROLINA,1FIQ8/104,13:00:00,14:59:00
40744,ISML 202,Laboratorio de Metalurgia,OO1,A,1300-1459,OSNAYA - GAMBOA CAROLINA,1FIQ8/104,13:00:00,14:59:00
40744,ISML 202,Laboratorio de Metalurgia,OO1,M,1300-1459,OSNAYA - GAMBOA CAROLINA,1FIQ8/104,13:00:00,14:59:00
40744,ISML 202,Laboratorio de Metalurgia,OO1,J,1300-1459,OSNAYA - GAMBOA CAROLINA,1FIQ8/104,13:00:00,14:59:00
40026,FGUS 006,Lengua Extranjera III,361,A,0800-0959,CUATZO - TONACATL GLORIA,1FIQ2/201,8:00:00,9:59:00
40026,FGUS 006,Lengua Extranjera III,361,J,0800-0959,CUATZO - TONACATL GLORIA,1FIQ2/201,8:00:00,9:59:00
40026,FGUS 006,Lengua Extranjera III,361,L,0800-1059,CUATZO - TONACATL GLORIA,1FIQ2/201,8:00:00,10:59:00
40026,FGUS 006,Lengua Extranjera III,361,M,0800-1059,CUATZO - TONACATL GLORIA,1FIQ2/201,8:00:00,10:59:00
40026,FGUS 006,Lengua Extranjera III,361,V,0800-1059,CUATZO - TONACATL GLORIA,1FIQ2/201,8:00:00,10:59:00
40027,FGUS 007,Lengua Extranjera IV,361,A,1200-1359,LIMA - SANCHEZ JOSE ANTONIO,1FIQ2/201,12:00:00,13:59:00
40027,FGUS 007,Lengua Extranjera IV,361,J,1200-1359,LIMA - SANCHEZ JOSE ANTONIO,1FIQ2/201,12:00:00,13:59:00
40027,FGUS 007,Lengua Extranjera IV,361,L,1200-1459,LIMA - SANCHEZ JOSE ANTONIO,1FIQ2/201,12:00:00,14:59:00
40027,FGUS 007,Lengua Extranjera IV,361,M,1200-1459,LIMA - SANCHEZ JOSE ANTONIO,1FIQ2/201,12:00:00,14:59:00
40027,FGUS 007,Lengua Extranjera IV,361,V,1200-1459,LIMA - SANCHEZ JOSE ANTONIO,1FIQ2/201,12:00:00,14:59:00
40028,FGUS 007,Lengua Extranjera IV,362,A,1500-1659,CASTILLO - ESPINOZA GABRIEL,1FIQ2/201,15:00:00,16:59:00
40028,FGUS 007,Lengua Extranjera IV,362,J,1500-1659,CASTILLO - ESPINOZA GABRIEL,1FIQ2/201,15:00:00,16:59:00
40028,FGUS 007,Lengua Extranjera IV,362,L,1500-1759,CASTILLO - ESPINOZA GABRIEL,1FIQ2/201,15:00:00,17:59:00
40028,FGUS 007,Lengua Extranjera IV,362,M,1500-1759,CASTILLO - ESPINOZA GABRIEL,1FIQ2/201,15:00:00,17:59:00
40028,FGUS 007,Lengua Extranjera IV,362,V,1500-1759,CASTILLO - ESPINOZA GABRIEL,1FIQ2/201,15:00:00,17:59:00
40745,LIAS 253,Mineralogia y Cristalografia,OO1,A,1200-1359,MORALES - SANCHEZ MARCO ANTONIO,1FIQ5/301,12:00:00,13:59:00
40745,LIAS 253,Mineralogia y Cristalografia,OO1,J,1200-1359,MORALES - SANCHEZ MARCO ANTONIO,1FIQ5/301,12:00:00,13:59:00
40745,LIAS 253,Mineralogia y Cristalografia,OO1,L,1200-1459,MORALES - SANCHEZ MARCO ANTONIO,1FIQ5/301,12:00:00,14:59:00
40745,LIAS 253,Mineralogia y Cristalografia,OO1,M,1200-1459,MORALES - SANCHEZ MARCO ANTONIO,1FIQ5/301,12:00:00,14:59:00
40745,LIAS 253,Mineralogia y Cristalografia,OO1,V,1200-1459,MORALES - SANCHEZ MARCO ANTONIO,1FIQ5/301,12:00:00,14:59:00
40627,INQS 014,Probabilidad y Estadistica,OO1,L,0700-0859,OJEDA - OROZCO ARZENIO SERVANDO,1FIQ1/102,7:00:00,8:59:00
40627,INQS 014,Probabilidad y Estadistica,OO1,V,0700-0859,OJEDA - OROZCO ARZENIO SERVANDO,1FIQ1/102,7:00:00,8:59:00
40627,INQS 014,Probabilidad y Estadistica,OO1,A,0700-0959,OJEDA - OROZCO ARZENIO SERVANDO,1FIQ1/102,7:00:00,9:59:00
40627,INQS 014,Probabilidad y Estadistica,OO1,M,0700-0959,OJEDA - OROZCO ARZENIO SERVANDO,1FIQ1/102,7:00:00,9:59:00
40627,INQS 014,Probabilidad y Estadistica,OO1,J,0700-0959,OJEDA - OROZCO ARZENIO SERVANDO,1FIQ1/102,7:00:00,9:59:00
40747,LIAS 266,Procesamiento de Materiales,OO1,A,1200-1359,RUBIO - ROSAS EFRAIN,1FIQ5/101,12:00:00,13:59:00
40747,LIAS 266,Procesamiento de Materiales,OO1,J,1200-1359,RUBIO - ROSAS EFRAIN,1FIQ5/101,12:00:00,13:59:00
40747,LIAS 266,Procesamiento de Materiales,OO1,L,1200-1459,RUBIO - ROSAS EFRAIN,1FIQ5/101,12:00:00,14:59:00
40747,LIAS 266,Procesamiento de Materiales,OO1,M,1200-1459,RUBIO - ROSAS EFRAIN,1FIQ5/101,12:00:00,14:59:00
40747,LIAS 266,Procesamiento de Materiales,OO1,V,1200-1459,RUBIO - ROSAS EFRAIN,1FIQ5/101,12:00:00,14:59:00
41003,LIAS 268,Procesos de Separacion I,OO1,J,1600-1759,"TORREBLANCA - RAMIREZ MAGIN
IDELFONSO",1FIQ1/304,16:00:00,17:59:00
41003,LIAS 268,Procesos de Separacion I,OO1,V,1600-1759,"TORREBLANCA - RAMIREZ MAGIN
IDELFONSO",1FIQ1/304,16:00:00,17:59:00
41003,LIAS 268,Procesos de Separacion I,OO1,L,1500-1759,"TORREBLANCA - RAMIREZ MAGIN
IDELFONSO",1FIQ1/304,15:00:00,17:59:00
41003,LIAS 268,Procesos de Separacion I,OO1,A,1500-1759,"TORREBLANCA - RAMIREZ MAGIN
IDELFONSO",1FIQ1/304,15:00:00,17:59:00
41003,LIAS 268,Procesos de Separacion I,OO1,M,1500-1759,"TORREBLANCA - RAMIREZ MAGIN
IDELFONSO",1FIQ1/304,15:00:00,17:59:00
40748,LIAS 263,Propi. Mecanicas de Materiales,OO1,L,0900-1059,CAMACHO - GARCIA JOSE HUMBERTO,1FIQ5/102,9:00:00,10:59:00
40748,LIAS 263,Propi. Mecanicas de Materiales,OO1,A,0900-1059,CAMACHO - GARCIA JOSE HUMBERTO,1FIQ5/102,9:00:00,10:59:00
40748,LIAS 263,Propi. Mecanicas de Materiales,OO1,M,0900-1159,CAMACHO - GARCIA JOSE HUMBERTO,1FIQ5/102,9:00:00,11:59:00
40748,LIAS 263,Propi. Mecanicas de Materiales,OO1,J,0900-1159,CAMACHO - GARCIA JOSE HUMBERTO,1FIQ5/102,9:00:00,11:59:00
40748,LIAS 263,Propi. Mecanicas de Materiales,OO1,V,0900-1159,CAMACHO - GARCIA JOSE HUMBERTO,1FIQ5/102,9:00:00,11:59:00
40579,IDDS 002,Proyectos I + D I,361,A,1000-1159,ROMERO - TORRES LAURA MARGARITA,1FIQ1/206,10:00:00,11:59:00
40579,IDDS 002,Proyectos I + D I,361,J,1000-1159,ROMERO - TORRES LAURA MARGARITA,1FIQ1/206,10:00:00,11:59:00
40579,IDDS 002,Proyectos I + D I,361,L,1000-1259,ROMERO - TORRES LAURA MARGARITA,1FIQ1/206,10:00:00,12:59:00
40579,IDDS 002,Proyectos I + D I,361,M,1000-1259,ROMERO - TORRES LAURA MARGARITA,1FIQ1/206,10:00:00,12:59:00
40579,IDDS 002,Proyectos I + D I,361,V,1000-1259,ROMERO - TORRES LAURA MARGARITA,1FIQ1/206,10:00:00,12:59:00
44735,INQS 015,Quimica Analitica,OO1,J,1100-1359,SANTAMARIA - JUAREZ GUILLERMO,12EMA7/108,11:00:00,13:59:00
44735,INQS 015,Quimica Analitica,OO1,M,1100-1359,SANTAMARIA - JUAREZ GUILLERMO,12EMA5/304,11:00:00,13:59:00
44735,INQS 015,Quimica Analitica,OO1,V,1000-1359,SANTAMARIA - JUAREZ GUILLERMO,12EMA7/108,10:00:00,13:59:00
44735,INQS 015,Quimica Analitica,OO1,L,1100-1359,SANTAMARIA - JUAREZ GUILLERMO,12EM10/215,11:00:00,13:59:00
44735,INQS 015,Quimica Analitica,OO1,A,1100-1359,SANTAMARIA - JUAREZ GUILLERMO,12EM10/215,11:00:00,13:59:00
44733,INQS 005,Quimica Organica I,OO1,J,1000-1159,PEREZ - DIAZ LYDIA MARIA,12EM10/101,10:00:00,11:59:00
44733,INQS 005,Quimica Organica I,OO1,V,1000-1159,PEREZ - DIAZ LYDIA MARIA,12EM10/101,10:00:00,11:59:00
44733,INQS 005,Quimica Organica I,OO1,L,1000-1259,PEREZ - DIAZ LYDIA MARIA,12EMA7/107,10:00:00,12:59:00
44733,INQS 005,Quimica Organica I,OO1,A,1000-1259,PEREZ - DIAZ LYDIA MARIA,12EMA7/107,10:00:00,12:59:00
44733,INQS 005,Quimica Organica I,OO1,M,1000-1259,PEREZ - DIAZ LYDIA MARIA,12EMA7/107,10:00:00,12:59:00
40988,INQS 010,Quimica Organica II,OO1,L,0800-0959,MORENO - MORALES GLORIA ELIZABETH,1FIQ6/107,8:00:00,9:59:00
40988,INQS 010,Quimica Organica II,OO1,V,0800-0959,MORENO - MORALES GLORIA ELIZABETH,1FIQ6/107,8:00:00,9:59:00
40988,INQS 010,Quimica Organica II,OO1,A,0800-1059,MORENO - MORALES GLORIA ELIZABETH,1FIQ1/103,8:00:00,10:59:00
40988,INQS 010,Quimica Organica II,OO1,M,0800-1059,MORENO - MORALES GLORIA ELIZABETH,1FIQ1/103,8:00:00,10:59:00
40988,INQS 010,Quimica Organica II,OO1,J,0800-1059,MORENO - MORALES GLORIA ELIZABETH,1FIQ1/103,8:00:00,10:59:00
41001,INQS 013,Recursos Nat. y Des. Sustent.,OO1,J,0800-0859,LOPEZ - ORTEGA JOSE GERARDO,12EMA7/107,8:00:00,8:59:00
41001,INQS 013,Recursos Nat. y Des. Sustent.,OO1,V,0800-0959,LOPEZ - ORTEGA JOSE GERARDO,12EMA7/205,8:00:00,9:59:00
41001,INQS 013,Recursos Nat. y Des. Sustent.,OO1,L,0800-0959,LOPEZ - ORTEGA JOSE GERARDO,12EMA7/107,8:00:00,9:59:00
41001,INQS 013,Recursos Nat. y Des. Sustent.,OO1,A,0800-0959,LOPEZ - ORTEGA JOSE GERARDO,12EMA7/107,8:00:00,9:59:00
41001,INQS 013,Recursos Nat. y Des. Sustent.,OO1,M,0800-0959,LOPEZ - ORTEGA JOSE GERARDO,12EMA7/107,8:00:00,9:59:00
40580,INQS 026,Seguridad e Higiene Industrial,OO1,L,1600-1959,MARTINEZ - RIOS RENE,1FIQ1/202,16:00:00,19:59:00
40580,INQS 026,Seguridad e Higiene Industrial,OO1,A,1600-1859,MARTINEZ - RIOS RENE,1FIQ1/202,16:00:00,18:59:00
40580,INQS 026,Seguridad e Higiene Industrial,OO1,M,1600-1859,MARTINEZ - RIOS RENE,1FIQ1/202,16:00:00,18:59:00
40580,INQS 026,Seguridad e Higiene Industrial,OO1,J,1600-1859,MARTINEZ - RIOS RENE,1FIQ1/202,16:00:00,18:59:00
40582,INQS 024,Sistem. de Gest. de la Calidad,OO1,V,1500-1559,"ROMANO - RODRIGUEZ MARIA
MARGARITA VICTORIA",1FIQ1/101,15:00:00,15:59:00
40582,INQS 024,Sistem. de Gest. de la Calidad,OO1,L,1500-1659,"ROMANO - RODRIGUEZ MARIA
MARGARITA VICTORIA",1FIQ1/101,15:00:00,16:59:00
40582,INQS 024,Sistem. de Gest. de la Calidad,OO1,A,1500-1659,"ROMANO - RODRIGUEZ MARIA
MARGARITA VICTORIA",1FIQ1/101,15:00:00,16:59:00
40582,INQS 024,Sistem. de Gest. de la Calidad,OO1,M,1500-1659,"ROMANO - RODRIGUEZ MARIA
MARGARITA VICTORIA",1FIQ1/101,15:00:00,16:59:00
40582,INQS 024,Sistem. de Gest. de la Calidad,OO1,J,1500-1659,"ROMANO - RODRIGUEZ MARIA
MARGARITA VICTORIA",1FIQ1/101,15:00:00,16:59:00
